table,capability,cols,fk_out,fk_in,policies,triggers,create_migration,veredicto_uso,confianza,archivo_clave,referencias_prod,referencias_mock,notas,db_comment,decision,owner
academic_plans,ninguna identificada,8,2,1,3,0,006_academic_route_schema.sql,CABLEADA-SIN-DATOS,alta,src/modules/academic-routes/services/academicService.js,src/modules/academic-routes/services/academicService.js; src/portal-maestros/services/classEventService.js; src/portal-maestros/views/gamificacionView.js; src/portal-maestros/views/weeklyPlanView.js,,Feature de gobernanza curricular detenida a mitad de rollout; servicios cableados pero tabla con 0 filas.,,Terminar,ACM
accesorio_asignaciones,inventario/lutería,11,3,0,3,0,,HUÉRFANA,alta,sin migración versionada,,,"Sin ninguna referencia en código, vistas ni funciones de BD.",,Eliminar,inventario/lutería
accesorios,inventario/lutería,11,0,1,3,1,,SOLO-MOCK,alta,src/modules/luteria-taller/api/luteriaTallerMock.js,,src/modules/luteria-taller/api/luteriaTallerMock.js; src/modules/inventario/__tests__/inventarioApi.test.js,Solo mock en código; existe vista vw_stock_bajo en BD pero ninguna vista/código la consulta.,,Archivar,LUT
acm_active_routes,académico,16,4,1,1,0,20260629_acm_curriculum_governance.sql,CABLEADA-SIN-DATOS,alta,src/modules/academic-admin/api/academicAdminApi.js,src/modules/academic-admin/api/academicAdminApi.js; src/modules/academic-routes/services/academicService.js; src/modules/bitacora/api/bitacoraSupabase.js; src/modules/planning/services/historialService.js; src/portal-maestros/views/gamificacionView.js,src/modules/academic-routes/services/__tests__/academicService.test.js; src/modules/planificacion/api/__tests__/weeklyPlanSupabase.guiaHeredada.test.js,Feature de gobernanza curricular detenida a mitad de rollout; servicios cableados pero tabla con 0 filas.,,Terminar,ACM
acm_curriculum_sources,académico,15,2,1,2,0,20260629_acm_curriculum_governance.sql,CABLEADA-SIN-DATOS,alta,src/modules/academic-admin/api/academicAdminApi.js,src/modules/academic-admin/api/academicAdminApi.js,,Feature de gobernanza curricular detenida a mitad de rollout; servicios cableados pero tabla con 0 filas.,,Terminar,ACM
acm_curriculum_versions,académico,11,3,2,2,0,20260629_acm_curriculum_governance.sql,HUÉRFANA,alta,20260629_acm_curriculum_governance.sql,,,"Sin referencias en código ni DB; referenciada por FK entrante: acm_weekly_plans.curriculum_version_id, acm_curriculum_sources.related_version_id.",,Terminar,ACM
acm_evidence_files,académico,10,5,0,1,0,20260629_acm_curriculum_governance.sql,HUÉRFANA,alta,20260629_acm_curriculum_governance.sql,,,"Sin ninguna referencia en código, vistas ni funciones de BD.",,Terminar,ACM
acm_teacher_week_adjustments,académico,12,3,0,1,0,20260629_acm_teacher_week_adjustments.sql,CABLEADA-SIN-DATOS,alta,src/modules/academic-routes/services/academicService.js,src/modules/academic-routes/services/academicService.js; src/modules/planificacion/api/weeklyPlanSupabase.js,src/modules/academic-routes/services/__tests__/academicService.test.js,Feature de gobernanza curricular detenida a mitad de rollout; servicios cableados pero tabla con 0 filas.,,Terminar,ACM
acm_weekly_plan_items,académico,17,2,0,2,0,20260629_acm_curriculum_governance.sql,CABLEADA-SIN-DATOS,alta,src/modules/academic-routes/services/academicService.js,src/modules/academic-routes/services/academicService.js; src/modules/bitacora/api/bitacoraSupabase.js; src/modules/planning/services/historialService.js; src/portal-maestros/views/gamificacionView.js,src/modules/academic-routes/services/__tests__/academicService.test.js,Feature de gobernanza curricular detenida a mitad de rollout; servicios cableados pero tabla con 0 filas.,,Terminar,ACM
acm_weekly_plans,académico,16,2,4,2,0,20260629_acm_curriculum_governance.sql,CABLEADA-SIN-DATOS,alta,src/modules/academic-admin/api/academicAdminApi.js,src/modules/academic-admin/api/academicAdminApi.js,src/modules/planificacion/api/weeklyPlanMock.js; src/modules/planificacion/api/__tests__/weeklyPlanSupabase.guiaHeredada.test.js,Feature de gobernanza curricular detenida a mitad de rollout; servicios cableados pero tabla con 0 filas.,,Terminar,ACM
alertas_log,operaciones/reportes,6,0,0,1,0,,CABLEADA-SIN-DATOS,alta,fn_registrar_alerta_enviada,,,Referenciada en función de BD fn_registrar_alerta_enviada; sin llamadas directas desde UI.,,Terminar,DIR
alumno_escolaridad,alumno/admisiones,14,1,0,1,0,20260607_documentos_institucionales.sql,CABLEADA-SIN-DATOS,alta,src/modules/config/services/studentDocumentDataService.js,src/modules/config/services/studentDocumentDataService.js,,Generador de documentos institucionales por lote implementado pero nunca ejecutado en producción.,,Archivar,DIR/ADM
alumno_plan_entradas,alumno/admisiones,10,4,0,4,0,20260527_create_alumno_plan_entradas.sql,CABLEADA-SIN-DATOS,alta,src/portal-maestros/api/planEstudiosApi.js,src/portal-maestros/api/planEstudiosApi.js,src/portal-maestros/api/__tests__/planEstudiosApi.test.js,"Servicio implementado para planificación pedagógica / casos, pero la feature no se ha puesto en uso.",,Terminar,ACM
alumno_suspensiones,protección/seguimiento,11,3,0,2,1,20260904120000_seguimiento_ausentes_reinicio_y_suspension.sql,ACTIVA,alta,src/modules/pedagogico/services/seguimientoAusentesService.js,src/modules/pedagogico/services/seguimientoAusentesService.js,tests/unit/pedagogico/services/seguimientoAusentesService.crud.test.js,Módulo activo de ausentismo (migración 2026-09-04); enlazada en vista vw_seguimiento_ausentes.,,Terminar,ACM/DIR
alumnos_ejercicios,protección/seguimiento,11,2,0,2,1,schema_reference.sql (sin fecha),HUÉRFANA,alta,schema_reference.sql (sin fecha),,,"Sin ninguna referencia en código, vistas ni funciones de BD.",,Eliminar,protección/seguimiento
alumnos_logros,protección/seguimiento,3,2,0,2,0,schema_reference.sql (sin fecha),ACTIVA,alta,src/modules/admin-dashboard/api/academicReportsApi.js,src/modules/admin-dashboard/api/academicReportsApi.js (RPC: get_informe_academico_semestral); src/modules/admin-dashboard/views/reporteSemestralView.js (RPC: get_informe_academico_semestral),,Leída por RPC get_informe_academico_semestral en reportes académicos y dashboard administrativo.,,Terminar,ACM
alumnos_modulos,alumno/admisiones,10,2,0,2,1,schema_reference.sql (sin fecha),HUÉRFANA,alta,schema_reference.sql (sin fecha),,,"Sin ninguna referencia en código, vistas ni funciones de BD.",,Eliminar,alumno/admisiones
alumnos_reinscripciones,alumno/admisiones,9,2,0,1,0,,CABLEADA-SIN-DATOS,alta,fn_reactivar_alumno,,,Referenciada en función de BD fn_reactivar_alumno; sin llamadas directas desde UI.,,Terminar,ADM
alumnos_rutas,académico,12,3,0,2,1,schema_reference.sql (sin fecha),HUÉRFANA,alta,schema_reference.sql (sin fecha),,,"Sin ninguna referencia en código, vistas ni funciones de BD.",,Eliminar,académico
applicant_events,alumno/admisiones,5,1,0,3,0,20260827200000_soi_enrollment_funnel_m1.sql,ACTIVA,alta,supabase/functions/enrollment-scheduler/index.ts,supabase/functions/enrollment-scheduler/index.ts,,Pipeline de admisiones/funnel activo en enrollment-scheduler y webhook de WhatsApp.,,Terminar,ADM
applicants,alumno/admisiones,9,0,2,3,1,20260827200000_soi_enrollment_funnel_m1.sql,ACTIVA,alta,supabase/functions/enrollment-scheduler/index.ts,supabase/functions/enrollment-scheduler/index.ts; supabase/functions/whatsapp-webhook/index.ts,,Pipeline de admisiones/funnel activo en enrollment-scheduler y webhook de WhatsApp.,,Terminar,ADM
appointments,alumno/admisiones,8,1,0,4,1,20260827200000_soi_enrollment_funnel_m1.sql,ACTIVA,alta,supabase/functions/enrollment-scheduler/index.ts,supabase/functions/enrollment-scheduler/index.ts,,Pipeline de admisiones/funnel activo en enrollment-scheduler y webhook de WhatsApp.,,Terminar,ADM
asistencia_maestros,protección/seguimiento,15,7,0,2,1,20260726_asistencia_docente_y_rls_periodos.sql,ACTIVA,alta,src/modules/maestros/api/maestrosApi.js,src/modules/maestros/api/maestrosApi.js (RPC: eliminar_maestro_limpio); src/modules/periodos/api/reporteCierreApi.js (RPC: fn_reporte_indicadores_adicionales),,Operada por RPCs retirar_maestro_seguro y eliminar_maestro_limpio en maestrosApi.js.,Presencia del docente por sesion de clase. Complementa ausencias_maestros.,Terminar,ACM/DIR
asistencias_emergentes,protección/seguimiento,10,1,0,3,0,20260606_emergentes_columns_and_asistencias.sql,HUÉRFANA,alta,20260606_emergentes_columns_and_asistencias.sql,,,"Sin ninguna referencia en código, vistas ni funciones de BD.",,Eliminar,protección/seguimiento
audiciones,alumno/admisiones,22,1,0,2,0,20260714203000_acm_rubrica_evaluacion.sql,HUÉRFANA,alta,audiciones.html,,src/core/catalogAudit.test.js; src/core/catalogDiagnosticsView.test.js; src/modules/admin-dashboard/views/__tests__/reporteSemestralView.test.js,"Hits en código son la ruta/portal ""audiciones-entry"", no la tabla BD audiciones.",Evaluaciones de audiciones de nivel y diagnóstico segun canon ACM-RUB-001 V8.,Eliminar,alumno/admisiones
ausencias,protección/seguimiento,10,0,1,4,1,schema_reference.sql (sin fecha),ACTIVA,alta,src/modules/auth/components/ausenciaForm.js,src/modules/auth/components/ausenciaForm.js; src/modules/auth/components/ausenciaHistorial.js; src/modules/sistema/components/centroActividadesPanel.js; src/portal-maestros/components/ausenciaForm.js; src/portal-maestros/services/maestroDataService.js; src/portal-maestros/views/alumnoPerfilView.js; src/modules/admin-dashboard/api/academicReportsApi.js (RPC: get_resumen_academico_mensual); src/modules/admin-dashboard/views/reporteMensualView.js (RPC: get_resumen_academico_mensual); src/modules/periodos/api/reporteCierreApi.js (RPC: fn_reporte_cierre_semestre); src/modules/periodos/services/pdfCierreSemestre.js (RPC: fn_reporte_cierre_semestre); src/modules/periodos/services/__tests__/pdfCierreSemestre.test.js (RPC: fn_reporte_cierre_semestre),src/core/utils/loadJsonMock.js; src/core/auth/__tests__/accessControl.test.js; src/modules/admin-aprobacion/views/__tests__/ausenciasAdminView.test.js; src/modules/admin-dashboard/views/__tests__/reporteSemestralView.test.js; src/modules/admin-notificaciones/api/__tests__/adminNotifApi.test.js; src/modules/admin-notificaciones/views/__tests__/adminNotificacionesView.test.js; src/modules/director-aprobacion/views/__tests__/ausenciasDirectorView.test.js; src/modules/guidance/__tests__/GuidancePanel.test.js; src/modules/periodos/services/__tests__/pdfCierreSemestre.test.js; src/portal-maestros/api/__tests__/ausenciasApi.test.js; src/portal-maestros/api/__tests__/ausenciaValidator.test.js; src/portal-maestros/services/__tests__/ausenciaService.test.js; src/portal-maestros/services/__tests__/fileUploadService.test.js; src/portal-maestros/services/__tests__/groqService.test.js; src/portal-maestros/shell/__tests__/portalRoutes.security.test.js; src/portal-maestros/views/__tests__/alumnoPerfilView.historial.test.js; src/portales/_shared/__tests__/departmentPortalProfiles.contract.test.js,Flujo central de ausencias de alumnos/maestros en portal de maestros y reportes semestrales.,,Terminar,ACM/DIR
ausencias_auditoria,protección/seguimiento,6,2,0,2,0,20260520_create_ausencias_auditoria.sql,ACTIVA,alta,src/modules/admin-aprobacion/api/ausenciaAprobacionApi.js,src/modules/admin-aprobacion/api/ausenciaAprobacionApi.js; src/modules/metricas/api/observabilidadSupabase.js; src/portal-maestros/api/ausenciasApi.js; src/portal-maestros/api/ausenciaService.js,src/modules/metricas/api/observabilidadMock.js; src/__tests__/integration/ausencia-workflow.integration.test.js,Flujo central de ausencias de alumnos/maestros en portal de maestros y reportes semestrales.,,Terminar,ACM/DIR
ausencias_clases_afectadas,protección/seguimiento,5,2,0,3,0,,HUÉRFANA,alta,sin migración versionada,,,"Sin ninguna referencia en código, vistas ni funciones de BD.",Junction: clases afectadas por una ausencia y actividades de reemplazo.,Eliminar,protección/seguimiento
ausencias_notificaciones,protección/seguimiento,8,2,0,3,0,,HUÉRFANA,alta,sin migración versionada,,,"Sin ninguna referencia en código, vistas ni funciones de BD.",Notificaciones a directores sobre solicitudes de ausencia.,Eliminar,protección/seguimiento
autorizaciones_accesorio,inventario/lutería,7,2,0,2,0,,HUÉRFANA,alta,sin migración versionada,,,"Sin ninguna referencia en código, vistas ni funciones de BD.",,Eliminar,inventario/lutería
calendario,académico/operaciones,16,3,1,4,0,,ACTIVA,alta,src/modules/calendario/api/calendarApi.js,src/modules/calendario/api/calendarApi.js (RPC: fn_crear_evento_calendario); src/modules/calendario/api/calendarApi.js (RPC: fn_obtener_eventos_proximos); src/modules/calendario/api/calendarApi.js (RPC: fn_obtener_tareas_departamento),src/modules/comunicaciones/api/calendarioComMock.js; src/core/auth/__tests__/accessControl.test.js; src/modules/calendario/__tests__/calendarioUnificadoApi.test.js; src/modules/simulador/api/__tests__/simuladorApi.test.js; src/portal-maestros/shell/__tests__/portalRoutes.security.test.js; src/portal-maestros/views/__tests__/calendarioView-bug-today.test.js; src/portal-maestros/views/__tests__/calendarioView-layout.test.js; src/portal-maestros/views/__tests__/calendarioView.receso-periodo.test.js; src/portales/_shared/__tests__/departmentPortalProfiles.contract.test.js; src/__tests__/permissionRouteGuard.test.js,Operada por RPCs de tareas y eventos de calendario en calendarApi.js y protegida por RLS.,,Terminar,DIR/COM
campana_participaciones,ninguna identificada,6,2,0,3,0,,HUÉRFANA,alta,sin migración versionada,,,"Sin ninguna referencia en código, vistas ni funciones de BD.",,Eliminar,ninguna identificada
campanas_pago,finanzas,9,1,1,2,0,,HUÉRFANA,alta,sin migración versionada,,,Sin referencias en código ni DB; referenciada por FK entrante: campana_participaciones.campana_id.,,Eliminar,finanzas
campania_envios,alianzas/comunicaciones,12,1,1,1,0,20260626_campanias_periodo_segmentacion.sql,ACTIVA,alta,src/modules/campanias/api/campaniasApi.js,src/modules/campanias/api/campaniasApi.js (RPC: fn_encolar_campania); supabase/functions/whatsapp-webhook/index.ts (RPC: fn_whatsapp_optout); src/modules/campanias/api/campaniasApi.js (RPC: fn_activar_campania); supabase/functions/whatsapp-dispatcher/index.ts (RPC: fn_whatsapp_reclamar_pendientes),,Módulo activo de campañas WhatsApp en campaniasApi.js y edge functions de mensajería.,,Terminar,COM
campanias_destinatarios,alianzas/comunicaciones,9,2,0,4,0,20260626_campanias_marketing.sql,HUÉRFANA,alta,20260626_campanias_marketing.sql,,,"Sin ninguna referencia en código, vistas ni funciones de BD.",,Eliminar,alianzas/comunicaciones
campanias_marketing,alianzas/comunicaciones,15,1,1,4,1,20260626_campanias_marketing.sql,HUÉRFANA,alta,20260626_campanias_marketing.sql,,,Sin referencias en código ni DB; referenciada por FK entrante: campanias_destinatarios.campania_id.,,Eliminar,alianzas/comunicaciones
campanias_periodo,alianzas/comunicaciones,12,1,2,1,0,20260626_campanias_periodo_segmentacion.sql,ACTIVA,alta,src/modules/campanias/api/campaniasApi.js,src/modules/campanias/api/campaniasApi.js; supabase/functions/whatsapp-webhook/index.ts (RPC: fn_servicio_publico_activo); src/modules/campanias/api/campaniasApi.js (RPC: fn_preview_campania); src/modules/campanias/views/campaniasView.js (RPC: fn_preview_campania); src/modules/campanias/api/campaniasApi.js (RPC: fn_activar_campania),,Módulo activo de campañas WhatsApp en campaniasApi.js y edge functions de mensajería.,,Terminar,COM
catalogo_objetivos_especificos,académico,7,1,1,2,1,,CABLEADA-SIN-DATOS,alta,funciones curriculares BD,,,"Esquema curricular legacy con funciones/vistas en BD (clonar_catalogo_a_clase), pero sin llamadas desde código PROD.",,Archivar,ACM
cierres_caja,finanzas,9,1,0,3,0,,HUÉRFANA,alta,sin migración versionada,,,"Sin ninguna referencia en código, vistas ni funciones de BD.",,Eliminar,finanzas
clase_acceso_temporal,académico/operaciones,7,1,0,5,0,portal-maestros-tables.sql (sin fecha),HUÉRFANA,alta,portal-maestros-tables.sql (sin fecha),,,"Sin ninguna referencia en código, vistas ni funciones de BD.",,Eliminar,académico/operaciones
clase_mapa_indicadores,académico,12,3,1,1,3,,CABLEADA-SIN-DATOS,alta,vw_clase_objetivo_estrellas,,,"Esquema curricular legacy con funciones/vistas en BD (vw_clase_objetivo_estrellas,vw_evaluacion_indicador_global), pero sin llamadas desde código PROD.",,Archivar,ACM
clase_mapa_objetivos,académico,14,4,1,1,2,,CABLEADA-SIN-DATOS,alta,funciones curriculares BD,,,"Esquema curricular legacy con funciones/vistas en BD (fn_datos_jerarquicos_de_objetivo,fn_asignar_id_jerarquico,fn_bloquear_id_jerarquico,clonar_plantilla_a_clase,clonar_catalogo_a_clase), pero sin llamadas desde código PROD.",,Archivar,ACM
clases_emergentes,académico/operaciones,16,0,1,5,0,portal-maestros-tables.sql (sin fecha),ACTIVA,alta,src/portal-maestros/services/maestroDataService.js,src/portal-maestros/services/maestroDataService.js; src/portal-maestros/views/calendarioView.js; src/modules/periodos/api/reporteCierreApi.js (RPC: fn_reporte_indicadores_adicionales),src/modules/periodos/services/__tests__/pdfCierreSemestre.test.js; tests/portal-maestros/hoyViewEmergente.test.js,"Horarios y clases emergentes leídos en portal docente (maestroDataService, calendarioView) y vistas de signage.",,Terminar,ACM
class_event_methodology,académico,14,2,0,5,0,20260507_class_events_schema.sql,CABLEADA-SIN-DATOS,alta,src/portal-maestros/services/classEventService.js,src/portal-maestros/services/classEventService.js,,Metodología estructurada de eventos de clase y tareas cableada en portal maestros pero sin datos reales.,Notas de metodologia estructurada por evento de clase.,Terminar,ACM
class_events,académico,10,5,2,5,1,20260507_class_events_schema.sql,CABLEADA-SIN-DATOS,alta,src/portal-maestros/services/classEventService.js,src/portal-maestros/services/classEventService.js,,Metodología estructurada de eventos de clase y tareas cableada en portal maestros pero sin datos reales.,Registro explicito de evento de clase por sesion+alumno.,Terminar,ACM
class_session_content_snapshots,académico,8,0,0,3,0,006_academic_route_schema.sql,CABLEADA-SIN-DATOS,alta,src/modules/academic-routes/services/academicService.js,src/modules/academic-routes/services/academicService.js; src/portal-maestros/views/asistenciaView.js,,Metodología estructurada de eventos de clase y tareas cableada en portal maestros pero sin datos reales.,,Terminar,ACM
cobertura_alumno_objetivo,académico,9,4,0,3,0,20260523_curriculos.sql,CABLEADA-SIN-DATOS,alta,src/modules/planificacion/api/coberturaSupabase.js,src/modules/planificacion/api/coberturaSupabase.js; src/modules/planificacion/api/rutasApi.js,,"Servicio implementado para planificación pedagógica / casos, pero la feature no se ha puesto en uso.",,Terminar,ACM
compromisos_pago,finanzas,9,2,0,2,0,,CABLEADA-SIN-DATOS,alta,fn_calcular_score_representante,,,"Nombrada en manifiesto de finanzas y en fn_calcular_score_representante, pero sin queries directas.",,Terminar,FIN
contenidos_sesion,académico,9,5,0,7,0,schema_reference.sql (sin fecha),CABLEADA-SIN-DATOS,alta,src/modules/admin-dashboard/api/contenidoAnalyticsApi.js,src/modules/admin-dashboard/api/contenidoAnalyticsApi.js; src/modules/asistencias/api/asistenciasSupabase.js,,Estructura curricular de contenidos y rutas cableada en APIs pero sin datos cargados.,,Terminar,ACM
document_batches,operaciones/reportes,17,0,1,1,0,20260607_documentos_institucionales.sql,CABLEADA-SIN-DATOS,alta,src/modules/config/services/documentBatchService.js,src/modules/config/services/documentBatchService.js,,Generador de documentos institucionales por lote implementado pero nunca ejecutado en producción.,,Archivar,DIR/ADM
evaluations,alumno/admisiones,19,1,0,4,1,20260622_audiciones_integration_fixes.sql,CABLEADA-SIN-DATOS,alta,src/modules/audiciones/api/audicionesSupabase.js,src/modules/audiciones/api/audicionesSupabase.js,src/modules/audiciones/api/mocks/audicionesMock.js; src/modules/alumnos/__tests__/obtenerResumenAcademico.test.js; src/modules/audiciones/__tests__/aggregation.test.js; src/modules/audiciones/__tests__/EvaluacionView.test.js; src/modules/planificacion/__tests__/evaluacionClaseModal.test.js; src/modules/planificacion/__tests__/evaluacionClaseService.test.js; src/modules/planificacion/__tests__/evaluacionEstrellas.test.js; src/modules/planificacion/__tests__/integration/planificacion-rediseño.integration.test.js; src/modules/planificacion/__tests__/useClasePlanificacion.test.js; src/portal-maestros/services/__tests__/evaluationService.offline.test.js; src/portal-maestros/services/__tests__/migration.vwIndiceEnsenanzaGuiada.test.js; src/services/__tests__/gdprService.test.js; tests/portal-maestros/evaluationService.test.js,Servicio de audiciones implementado en audicionesSupabase.js pero sin datos en producción.,,Terminar,ACM/ADM
exoneraciones,finanzas,12,3,0,2,0,,HUÉRFANA,alta,sin migración versionada,,,"Sin ninguna referencia en código, vistas ni funciones de BD.",,Eliminar,finanzas
facturas_reparacion,finanzas,13,2,0,4,0,,CABLEADA-SIN-DATOS,alta,src/modules/inventario/api/inventarioSupabase.js,src/modules/inventario/api/inventarioSupabase.js,,Módulo de reparaciones de inventario implementado con RPCs pero sin registros cargados.,Facturas asociadas a reparaciones de instrumentos.,Terminar,FIN/LUT
fin_service_balance_snapshots,finanzas,11,2,0,0,0,20260823000000_fin_service_balances.sql,ACTIVA,alta,supabase/functions/refresh-service-balances/index.ts,supabase/functions/refresh-service-balances/index.ts,tests/unit/migrations/finServiceBalances.schema.test.js,Operada directamente por Edge Function refresh-service-balances en producción.,Historico de balances por cuenta. Solo service_role.,Terminar,FIN
fin_service_refresh_runs,finanzas,9,1,2,0,0,20260823000000_fin_service_balances.sql,ACTIVA,alta,supabase/functions/refresh-service-balances/index.ts,supabase/functions/refresh-service-balances/index.ts,tests/unit/migrations/finServiceBalances.schema.test.js,Operada directamente por Edge Function refresh-service-balances en producción.,Auditoria de cada intento de refresh. Solo service_role.,Terminar,FIN
fin_service_refresh_state,finanzas,8,2,0,0,0,20260823000000_fin_service_balances.sql,ACTIVA,alta,supabase/functions/refresh-service-balances/index.ts,supabase/functions/refresh-service-balances/index.ts; supabase/functions/refresh-service-balances/index.ts (RPC: fn_fin_complete_service_refresh); supabase/functions/refresh-service-balances/index.ts (RPC: fn_fin_acquire_service_refresh_lock),,Operada directamente por Edge Function refresh-service-balances en producción.,Lock + ultima consulta por cuenta. Solo service_role.,Terminar,FIN
gastos_fijos_pagos,finanzas,11,1,0,3,0,20260823220000_gastos_fijos_mensuales.sql,ACTIVA,alta,src/portales/fin/src/context/FinanceContext.tsx,src/portales/fin/src/context/FinanceContext.tsx; src/portales/fin/src/context/FinanceContext.tsx (RPC: fn_generar_instancias_gastos_fijos); src/portales/fin/src/infrastructure/supabase/CanonicalManifest.ts (RPC: fn_generar_instancias_gastos_fijos),,Consultada por FinanceContext vía supabaseRest en cada sesión del portal de Finanzas.,,Terminar,FIN
generated_documents,operaciones/reportes,18,3,0,1,0,20260607_documentos_institucionales.sql,CABLEADA-SIN-DATOS,alta,src/modules/config/services/documentBatchService.js,src/modules/config/services/documentBatchService.js; src/modules/config/views/generatedDocumentsView.js; src/modules/pedagogico/services/studentRiskDetectorService.js; src/modules/pedagogico/views/studentCaseDetailView.js,,Generador de documentos institucionales por lote implementado pero nunca ejecutado en producción.,,Archivar,DIR/ADM
hermes_acciones,gateway/hermes,9,1,2,1,0,,HUÉRFANA,alta,sin migración versionada,,,"Sin referencias en código ni DB; referenciada por FK entrante: hermes_feedback.accion_id, hermes_notificaciones.accion_id.",,Eliminar,gateway/hermes
hermes_evaluaciones,gateway/hermes,5,0,0,1,0,,HUÉRFANA,alta,sin migración versionada,,,"Sin ninguna referencia en código, vistas ni funciones de BD.",,Eliminar,gateway/hermes
hermes_feedback,gateway/hermes,11,2,0,1,0,,HUÉRFANA,alta,sin migración versionada,,,"Sin ninguna referencia en código, vistas ni funciones de BD.",,Eliminar,gateway/hermes
hermes_notificaciones,gateway/hermes,9,1,0,1,0,,HUÉRFANA,alta,sin migración versionada,,,"Sin ninguna referencia en código, vistas ni funciones de BD.",,Eliminar,gateway/hermes
hilos_mensajes,alianzas/comunicaciones,8,1,1,3,0,,HUÉRFANA,alta,sin migración versionada,,,Sin referencias en código ni DB; referenciada por FK entrante: mensajes_internos.hilo_id.,,Eliminar,alianzas/comunicaciones
homework_assignments,académico,9,4,0,5,0,20260507_class_events_schema.sql,CABLEADA-SIN-DATOS,alta,src/portal-maestros/components/HomeworkPanel.js,src/portal-maestros/components/HomeworkPanel.js; src/portal-maestros/services/classEventService.js,,Metodología estructurada de eventos de clase y tareas cableada en portal maestros pero sin datos reales.,Tareas formales con link opcional a nodo y fecha limite.,Terminar,ACM
horarios,académico/operaciones,10,3,1,5,1,schema_reference.sql (sin fecha),ACTIVA,alta,src/portal-maestros/api/ausenciasApi.js,src/portal-maestros/api/ausenciasApi.js; src/portal-maestros/services/maestroDataService.js; src/portal-maestros/services/notificationService.js (RPC: fn_generate_class_start_reminders); src/portal-maestros/services/__tests__/notificationService.periodo.test.js (RPC: fn_generate_class_start_reminders),src/assets/data/mocks/clases.json; src/portal-maestros/data/clases.json; src/modules/clases/models/clase.model.test.js; src/modules/clases/views/clasesPdf.test.js; src/modules/clases/views/clasesView.helpers.test.js; src/modules/clases/__tests__/clasesApi.test.js; src/modules/horario-general/services/__tests__/horarioGeneralService.test.js; src/modules/transicion-semestre/__tests__/ClassEditor.test.js; src/modules/transicion-semestre/__tests__/semesterTransition.test.js; src/modules/transicion-semestre/__tests__/TransitionWizard.test.js; src/portal-maestros/services/__tests__/emergenteJustificacionService.test.js; src/portal-maestros/services/__tests__/maestroDataService.test.js; src/portal-maestros/views/__tests__/calendarioView-dots.test.js; src/portal-maestros/views/__tests__/calendarioView.receso-periodo.test.js; src/portal-maestros/views/__tests__/gestionarClasesView.test.js; tests/unit/maestros/domain/generarPdfReporteMaestro.test.js,"Horarios y clases emergentes leídos en portal docente (maestroDataService, calendarioView) y vistas de signage.",,Terminar,ACM
indicator_session_students,académico,6,2,0,2,0,20260604000002_indicator_session_students.sql,CABLEADA-SIN-DATOS,alta,src/modules/planning/services/planningService.js,src/modules/planning/services/planningService.js; src/modules/bitacora/api/bitacoraSupabase.js (RPC: registrar_sesion_bitacora),,Sistema de bitácora y sesiones de indicadores cableado en planning/bitácora pero sin registros en prod.,,Terminar,ACM
indicator_sessions,académico,8,3,1,3,0,20260604000001_indicator_sessions.sql,CABLEADA-SIN-DATOS,alta,src/modules/bitacora/api/bitacoraSupabase.js,src/modules/bitacora/api/bitacoraSupabase.js; src/modules/planning/services/historialService.js; src/modules/planning/services/planningService.js; src/modules/bitacora/api/bitacoraSupabase.js (RPC: registrar_sesion_bitacora),,Sistema de bitácora y sesiones de indicadores cableado en planning/bitácora pero sin registros en prod.,,Terminar,ACM
instituciones,alianzas/comunicaciones,16,0,1,4,1,20260626_campanias_marketing.sql,HUÉRFANA,alta,20260626_campanias_marketing.sql,,,Sin referencias en código ni DB; referenciada por FK entrante: campanias_destinatarios.institucion_id.,,Eliminar,alianzas/comunicaciones
intentos_ejercicios,protección/seguimiento,13,5,0,2,0,schema_reference.sql (sin fecha),HUÉRFANA,alta,schema_reference.sql (sin fecha),,,"Sin ninguna referencia en código, vistas ni funciones de BD.",,Eliminar,protección/seguimiento
inventario_import_staging,inventario/lutería,33,0,0,0,0,,HUÉRFANA,alta,sin migración versionada,,,"Sin ninguna referencia en código, vistas ni funciones de BD.",Tabla temporal para importar inventario_supabase_import.csv.,Eliminar,inventario/lutería
inventario_reparaciones,inventario/lutería,13,1,1,4,2,,CABLEADA-SIN-DATOS,alta,src/modules/inventario/api/inventarioSupabase.js,src/modules/inventario/api/inventarioSupabase.js; src/modules/inventario/20260622_inventario_patch_compatibilidad.sql (RPC: cambiar_estado_reparacion); src/modules/inventario/api/inventarioSupabase.js (RPC: cambiar_estado_reparacion); src/modules/inventario/api/inventarioSupabase.js (RPC: crear_reparacion); src/modules/inventario/api/inventarioSupabase.js (RPC: generar_reporte_inventario); src/modules/inventario/api/inventarioSupabase.js (RPC: obtener_kpi_inventario); src/modules/inventario/auditoria_esquema_inventario_agente.md (RPC: obtener_kpi_inventario); src/modules/periodos/api/reporteCierreApi.js (RPC: fn_reporte_cierre_semestre); src/modules/periodos/services/pdfCierreSemestre.js (RPC: fn_reporte_cierre_semestre); src/modules/periodos/services/__tests__/pdfCierreSemestre.test.js (RPC: fn_reporte_cierre_semestre),src/modules/periodos/services/__tests__/pdfCierreSemestre.test.js,Módulo de reparaciones de inventario implementado con RPCs pero sin registros cargados.,Reparaciones de instrumentos. estado: recibido->en_reparacion->finalizado->entregado.,Terminar,LUT
lut_diagnosticos,lutería,18,1,0,1,1,20260627_luteria_taller_schema.sql,CABLEADA-SIN-DATOS,alta,src/modules/luteria/components/luteriaDiagnosticoWizard.js,src/modules/luteria/components/luteriaDiagnosticoWizard.js; src/modules/luteria-taller/api/luteriaTallerSupabase.js; src/modules/luteria/components/luteriaDiagnosticoWizard.js (RPC: fn_lut_upsert_diagnostico),,Módulo de taller de lutería implementado en API/vistas pero nunca poblado en producción.,,Terminar,LUT
lut_evidencias,lutería,10,1,0,1,0,20260627_luteria_taller_schema.sql,CABLEADA-SIN-DATOS,alta,src/modules/luteria-taller/api/luteriaTallerSupabase.js,src/modules/luteria-taller/api/luteriaTallerSupabase.js,,Módulo de taller de lutería implementado en API/vistas pero nunca poblado en producción.,,Terminar,LUT
lut_insumos,lutería,11,0,2,1,0,20260627_luteria_taller_schema.sql,CABLEADA-SIN-DATOS,alta,src/modules/luteria/views/luteriaInsumosView.js,src/modules/luteria/views/luteriaInsumosView.js; src/modules/luteria-taller/api/luteriaTallerSupabase.js,,Módulo de taller de lutería implementado en API/vistas pero nunca poblado en producción.,,Terminar,LUT
lut_movimientos_insumos,lutería,8,2,0,1,0,20260627_luteria_taller_schema.sql,CABLEADA-SIN-DATOS,alta,src/modules/luteria-taller/api/luteriaTallerSupabase.js,src/modules/luteria-taller/api/luteriaTallerSupabase.js,,Módulo de taller de lutería implementado en API/vistas pero nunca poblado en producción.,,Terminar,LUT
lut_presupuestos,lutería,15,1,0,1,0,20260627_luteria_taller_schema.sql,CABLEADA-SIN-DATOS,alta,src/modules/luteria-taller/api/luteriaTallerSupabase.js,src/modules/luteria-taller/api/luteriaTallerSupabase.js,,Módulo de taller de lutería implementado en API/vistas pero nunca poblado en producción.,,Terminar,LUT
lut_solicitudes_compra,lutería,14,2,0,1,0,20260627_luteria_taller_schema.sql,CABLEADA-SIN-DATOS,alta,src/modules/luteria-taller/api/luteriaTallerSupabase.js,src/modules/luteria-taller/api/luteriaTallerSupabase.js,,Módulo de taller de lutería implementado en API/vistas pero nunca poblado en producción.,,Terminar,LUT
maestro_access_credentials,operaciones/reportes,9,2,0,1,1,20260804000005_maestro_access_credentials.sql,ACTIVA,alta,supabase/functions/maestro-credentials/index.ts,src/modules/maestros/api/maestrosApi.js; supabase/functions/maestro-credentials/index.ts; src/modules/maestros/api/maestrosApi.js (RPC: eliminar_maestro_limpio),,Credenciales de acceso de maestros en Edge Function y maestrosApi.js.,Vault cifrado de contrasenas recuperables del portal maestro.,Terminar,INFRA
maestro_retiros,operaciones/reportes,7,3,0,1,0,20260822000001_safe_teacher_retirement.sql,ACTIVA,alta,src/modules/maestros/api/maestrosApi.js,src/modules/maestros/api/maestrosApi.js (RPC: retirar_maestro_seguro); src/modules/maestros/api/maestrosApi.js (RPC: eliminar_maestro_limpio),,Operada por RPCs retirar_maestro_seguro y eliminar_maestro_limpio en maestrosApi.js.,,Terminar,ACM/DIR
maestro_tareas,operaciones/reportes,8,2,0,2,0,portal-maestros-tables.sql (sin fecha),CABLEADA-SIN-DATOS,alta,src/portal-maestros/components/tareasPanel.js,src/portal-maestros/components/tareasPanel.js,src/core/utils/loadJsonMock.js,Feature de notificaciones/tareas docentes cableada en servicios pero sin uso activo.,,Terminar,ACM
mapa_plantillas,académico,10,3,0,2,1,,CABLEADA-SIN-DATOS,alta,funciones curriculares BD,,,"Esquema curricular legacy con funciones/vistas en BD (clonar_plantilla_a_clase), pero sin llamadas desde código PROD.",,Archivar,ACM
mensajes_internos,alianzas/comunicaciones,10,2,0,2,0,,HUÉRFANA,alta,sin migración versionada,,,"Sin ninguna referencia en código, vistas ni funciones de BD.",,Eliminar,alianzas/comunicaciones
minutas,alianzas/comunicaciones,12,1,1,4,0,,HUÉRFANA,alta,sin migración versionada,,,Sin referencias en código ni DB; referenciada por FK entrante: tareas_institucionales.minuta_id.,,Eliminar,alianzas/comunicaciones
node_resources,académico,10,1,0,2,0,010_node_resources_schema.sql,CABLEADA-SIN-DATOS,alta,src/modules/academic-admin/api/academicAdminApi.js,src/modules/academic-admin/api/academicAdminApi.js,,Estructura curricular de contenidos y rutas cableada en APIs pero sin datos cargados.,,Terminar,ACM
notificaciones_asistencia,protección/seguimiento,21,0,0,3,1,020_notificaciones_asistencia.sql,CABLEADA-SIN-DATOS,alta,src/modules/metricas/services/attendanceNotificationService.js,src/modules/metricas/services/attendanceNotificationService.js,src/modules/metricas/__tests__/attendanceNotificationService.test.js,Feature de notificaciones/tareas docentes cableada en servicios pero sin uso activo.,,Terminar,ACM
notificaciones_caja,finanzas,17,3,0,5,0,,CABLEADA-SIN-DATOS,alta,fn_verificar_stock_minimo,,,"Nombrada en manifiesto de finanzas y RPCs de hermes/caja en BD, pero sin consultas directas desde UI.",,Terminar,FIN
observaciones_alumnos,protección/seguimiento,18,4,0,8,2,schema_reference.sql (sin fecha),ACTIVA,alta,src/modules/pedagogico/services/studentRiskDetectorService.js,src/modules/admin-dashboard/api/academicReportsApi.js; src/modules/asistencias/api/asistenciasSupabase.js; src/modules/config/views/exportView.js; src/modules/observaciones/api/observacionesApi.js; src/modules/pedagogico/services/studentRiskDetectorService.js; src/modules/pedagogico/views/seguimientoAlumnosView.js; src/modules/pedagogico/views/studentPedagogicalProfileView.js; src/modules/progresos/repositories/observacionesRepo.js; src/portal-maestros/services/claseAnalysisService.js; src/portal-maestros/services/observationPromotionService.js; src/portal-maestros/services/syncManager.js; src/modules/admin-dashboard/api/academicReportsApi.js (RPC: get_resumen_academico_mensual); src/modules/admin-dashboard/views/reporteMensualView.js (RPC: get_resumen_academico_mensual); src/modules/admin-dashboard/api/academicReportsApi.js (RPC: get_informe_academico_semestral); src/modules/admin-dashboard/views/reporteSemestralView.js (RPC: get_informe_academico_semestral); src/modules/pedagogico/services/seguimientoAlumnosService.js (RPC: analizar_seguimiento_alumnos); src/modules/pedagogico/services/seguimientoAlumnosService.test.js (RPC: analizar_seguimiento_alumnos); src/modules/pedagogico/services/studentRiskDetectorService.test.js (RPC: analizar_seguimiento_alumnos),src/modules/observaciones/__tests__/observacionesApi.promoteObservations.integration.test.js; src/portal-maestros/services/__tests__/observationPromotionService.offline.test.js,"Referenciada en 11 archivos de producción y 4 vistas de BD (alertas, rendimiento, resumen alumno).",,Terminar,ACM
patrocinantes,alianzas/comunicaciones,9,0,1,2,0,,ACTIVA,alta,src/portales/fin/src/context/FinanceContext.tsx,src/portales/fin/src/context/FinanceContext.tsx,,Consultada por FinanceContext vía supabaseRest en cada sesión del portal de Finanzas.,,Terminar,FIN
patrocinios,alianzas/comunicaciones,10,3,0,2,0,,ACTIVA,alta,src/portales/fin/src/context/FinanceContext.tsx,src/portales/fin/src/context/FinanceContext.tsx,,Consultada por FinanceContext vía supabaseRest en cada sesión del portal de Finanzas.,,Terminar,FIN
planificacion,académico,14,0,0,3,0,schema_reference.sql (sin fecha),SOLO-MOCK,alta,src/modules/planificacion/api/planificacionMock.js,,src/assets/data/mocks/curriculoTresPlanosStore.js; src/assets/data/mocks/permisos.json; src/core/utils/loadJsonMock.js; src/modules/asistencias/api/mocks/asistenciasMock.js; src/modules/planificacion/api/planificacionMock.js; src/modules/planificacion/api/plantillasPlanificacionMock.js; src/core/auth/__tests__/accessControl.test.js; src/core/router/__tests__/router.test.js; src/modules/admin-dashboard/api/__tests__/indiceEnsenanzaGuiadaApi.test.js; src/modules/admin-dashboard/views/__tests__/indiceEnsenanzaGuiadaWidget.test.js; src/modules/planificacion/utils/planificacionExportUtils.test.js; src/modules/planificacion/__tests__/claseObjetivosService.test.js; src/modules/planificacion/__tests__/historialContenidosPanel.test.js; src/modules/planificacion/__tests__/index.exports.test.js; src/modules/planificacion/__tests__/planificacion.adapter.test.js; src/modules/planificacion/__tests__/planificacion.model.test.js; src/modules/planificacion/__tests__/planificacion.router.claseRoute.test.js; src/modules/planificacion/__tests__/planificacionSupabase.bridge.test.js; src/modules/planificacion/__tests__/useClasePlanificacion.test.js; src/modules/__tests__/lint-fixes-verification.test.js; src/portal-maestros/router/__tests__/portalRouter.test.js; src/portal-maestros/services/__tests__/migration.vwIndiceEnsenanzaGuiada.test.js; src/portal-maestros/shell/__tests__/portalRoutes.security.test.js; src/portal-maestros/utils/planificacionRouteStatus.test.js; src/portales/_shared/__tests__/departmentPortalProfiles.contract.test.js; src/__tests__/permisoService.test.js; src/__tests__/permisosMock.test.js; src/__tests__/permissionRouteGuard.test.js; tests/integration/curriculo-tres-planos/flujoCompletoDom.e2e.test.js; tests/integration/curriculo-tres-planos/proponerYPublicar.flow.test.js; tests/modules/planificacion/claseEmergenteModal.test.js; tests/modules/planificacion/dslParser.test.js; tests/modules/planificacion/rutas.integration.test.js; tests/modules/planificacion/uploadReviewModal.test.js; tests/portal-maestros/hoyViewEmergente.test.js; tests/unit/migrations/curriculo_tres_planos_rls_admin_update.test.js,Gen-1 plano. En código solo mocks/tests la nombran; hits PROD son el nombre del módulo/router.,,Eliminar,ACM
planificacion_nodos,académico,12,1,1,1,0,portal-maestros-tables.sql (sin fecha),SOLO-MOCK,alta,src/modules/planificacion/__tests__/migration.modificaciones.test.js,,src/modules/planificacion/__tests__/migration.modificaciones.test.js,Solo nombrada en un test unitario de migración; sin uso PROD ni mock.,DEPRECATED: usar routes hierarchy,Eliminar,ACM
planned_content,académico,8,3,0,5,0,20260510_create_planned_content.sql,CABLEADA-SIN-DATOS,alta,src/portal-maestros/services/rutaGameificadaService.js,src/portal-maestros/services/rutaGameificadaService.js,,"Servicio implementado para planificación pedagógica / casos, pero la feature no se ha puesto en uso.",Planificacion diaria de contenido por sesion de clase.,Terminar,ACM
planning_documents,académico,10,2,0,5,0,012_planning_documents.sql,CABLEADA-SIN-DATOS,alta,src/portal-maestros/services/planningDocService.js,src/portal-maestros/services/planningDocService.js,,"Servicio implementado para planificación pedagógica / casos, pero la feature no se ha puesto en uso.",,Terminar,ACM
prospeccion_log,alianzas/comunicaciones,10,0,0,2,0,20260626_campanias_marketing.sql,HUÉRFANA,alta,20260626_campanias_marketing.sql,,,"Sin ninguna referencia en código, vistas ni funciones de BD.",,Eliminar,alianzas/comunicaciones
protocolos,operaciones/reportes,8,0,0,2,0,,CABLEADA-SIN-DATOS,media,fn_listar_protocolos,,,"Existen stored procedures en BD (fn_listar_protocolos, etc.) pero el frontend solo usa el string ""protocolos"" como tab de UI.",,Archivar,DIR/HERMES
rachas,protección/seguimiento,5,1,0,2,0,schema_reference.sql (sin fecha),CABLEADA-SIN-DATOS,media,scripts/reset_produccion_periodo_20260810.js,scripts/reset_produccion_periodo_20260810.js,,Solo nombrada en script de reset de período 20260810; sin uso activo en la aplicación.,,Archivar,ACM
repertoire_fragments,académico,7,1,0,2,0,20260622_audiciones_integration_fixes.sql,HUÉRFANA,alta,20260622_audiciones_integration_fixes.sql,,,"Sin ninguna referencia en código, vistas ni funciones de BD.",,Eliminar,académico
retenciones_instrumento,protección/seguimiento,17,4,0,2,2,20260904023143_seguimiento_ausentes_foundation.sql,ACTIVA,alta,src/modules/pedagogico/services/seguimientoAusentesService.js,src/modules/pedagogico/services/seguimientoAusentesService.js,tests/unit/pedagogico/services/seguimientoAusentesService.crud.test.js,Módulo activo de ausentismo (migración 2026-09-04); enlazada en vista vw_seguimiento_ausentes.,Retencion temporal del instrumento de un alumno por ausentismo (nivel 3).,Terminar,LUT/DIR
ruta_contenido_objetivos,académico,8,2,1,3,0,20260530_create_rutas_contenido.sql,CABLEADA-SIN-DATOS,alta,src/modules/planificacion/api/rutasApi.js,src/modules/planificacion/api/rutasApi.js,src/modules/planificacion/__tests__/rutas.api.test.js,Estructura curricular de contenidos y rutas cableada en APIs pero sin datos cargados.,,Terminar,ACM
rutas_contenido,académico,14,3,3,3,0,20260530_create_rutas_contenido.sql,CABLEADA-SIN-DATOS,alta,src/modules/planificacion/api/rutasApi.js,src/modules/planificacion/api/rutasApi.js,src/modules/planificacion/__tests__/rutas.api.test.js,Estructura curricular de contenidos y rutas cableada en APIs pero sin datos cargados.,,Terminar,ACM
schedule_run_feedback,académico/operaciones,6,2,0,3,0,20260525_horario_schedule_run_feedback.sql,CABLEADA-SIN-DATOS,alta,src/modules/horario-builder/api/scheduleFeedbackApi.js,src/modules/horario-builder/api/scheduleFeedbackApi.js,src/modules/horario-builder/__tests__/scheduleFeedbackApi.test.js,Motor de generación de horarios cableado en horarioBuilderApi pero nunca ejecutado/poblado en prod.,,Archivar,ACM
schedule_runs,académico/operaciones,8,0,1,1,0,20260524_schedule_runs.sql,CABLEADA-SIN-DATOS,alta,scripts/check-schedule-runs.js,scripts/check-schedule-runs.js; src/modules/horario-builder/api/horarioBuilderApi.js; src/modules/horario-builder/api/scheduleFeedbackApi.js,src/modules/horario-builder/__tests__/scheduleFeedbackApi.test.js,Motor de generación de horarios cableado en horarioBuilderApi pero nunca ejecutado/poblado en prod.,,Archivar,ACM
score_compromiso,protección/seguimiento,13,2,0,1,0,,CABLEADA-SIN-DATOS,alta,vw_estado_familiar,,,"Enlazada en vistas activas (vw_estado_familiar, vw_mora_activa) y fn_calcular_score_representante, pero tabla nunca poblada.",,Terminar,FIN
seguimiento_ausencias_reinicio,protección/seguimiento,6,2,0,2,0,20260904120000_seguimiento_ausentes_reinicio_y_suspension.sql,ACTIVA,alta,src/modules/pedagogico/services/seguimientoAusentesService.js,src/modules/pedagogico/services/seguimientoAusentesService.js,tests/unit/pedagogico/services/seguimientoAusentesService.crud.test.js,Módulo activo de ausentismo (migración 2026-09-04); enlazada en vista vw_seguimiento_ausentes.,,Terminar,ACM/DIR
service_account_observations,operaciones/reportes,12,1,0,2,0,20260823230000_service_accounts_dashboard.sql,ACTIVA,alta,src/portales/fin/src/infrastructure/supabase/SupabaseServiceBalancesRepository.ts,src/portales/fin/src/infrastructure/supabase/CanonicalManifest.ts (RPC: fn_fin_service_dashboard); src/portales/fin/src/infrastructure/supabase/SupabaseServiceBalancesRepository.ts (RPC: fn_fin_service_dashboard); src/portales/fin/src/lib/supabaseManager.ts (RPC: fn_fin_service_dashboard),,Leída por fn_fin_service_dashboard() invocada por SupabaseServiceBalancesRepository en el panel Mi Día.,,Terminar,FIN
service_accounts,operaciones/reportes,12,0,1,3,0,20260823230000_service_accounts_dashboard.sql,ACTIVA,alta,src/portales/fin/src/infrastructure/supabase/SupabaseServiceBalancesRepository.ts,src/portales/fin/src/infrastructure/supabase/CanonicalManifest.ts (RPC: fn_fin_service_dashboard); src/portales/fin/src/infrastructure/supabase/SupabaseServiceBalancesRepository.ts (RPC: fn_fin_service_dashboard); src/portales/fin/src/lib/supabaseManager.ts (RPC: fn_fin_service_dashboard),,Leída por fn_fin_service_dashboard() invocada por SupabaseServiceBalancesRepository en el panel Mi Día.,,Terminar,FIN
sesion_bitacora,académico,14,3,0,2,1,,HUÉRFANA,alta,sin migración versionada,,,"Sin ninguna referencia en código, vistas ni funciones de BD.",,Eliminar,académico
student_case_actions,protección/seguimiento,13,2,0,1,0,20260608_seguimiento_institucional.sql,CABLEADA-SIN-DATOS,alta,src/modules/pedagogico/services/studentCasesService.js,src/modules/pedagogico/services/studentCasesService.js,,"Servicio implementado para planificación pedagógica / casos, pero la feature no se ha puesto en uso.",,Terminar,ACM/DIR
student_indicator_progress,académico,10,3,0,1,0,20260629_acm_curriculum_governance.sql,CABLEADA-SIN-DATOS,alta,src/modules/academic-routes/services/academicService.js,src/modules/academic-routes/services/academicService.js; src/modules/bitacora/api/bitacoraSupabase.js; src/modules/planning/services/historialService.js; src/portal-maestros/views/gamificacionView.js,src/modules/academic-routes/services/__tests__/academicService.test.js,Sistema de bitácora y sesiones de indicadores cableado en planning/bitácora pero sin registros en prod.,,Terminar,ACM
tarea_logs,operaciones/reportes,6,2,0,2,0,,ACTIVA,alta,src/modules/calendario/api/calendarApi.js,src/modules/calendario/api/calendarApi.js (RPC: fn_actualizar_tarea),,Operada por RPCs de tareas y eventos de calendario en calendarApi.js y protegida por RLS.,,Terminar,DIR/COM
tareas_caja,finanzas,15,3,0,4,0,,CABLEADA-SIN-DATOS,alta,fn_escalar_mora,,,Referenciada en BD por fn_escalar_mora; sin consultas directas desde frontend.,,Terminar,FIN
tareas_calendario,académico/operaciones,12,3,1,3,0,,ACTIVA,alta,src/modules/calendario/api/calendarApi.js,src/modules/calendario/api/calendarApi.js (RPC: fn_obtener_tareas_departamento); src/modules/calendario/api/calendarApi.js (RPC: fn_actualizar_tarea),,Operada por RPCs de tareas y eventos de calendario en calendarApi.js y protegida por RLS.,,Terminar,DIR/COM
tareas_portales,operaciones/reportes,26,0,0,1,0,,HUÉRFANA,alta,sin migración versionada,,,"Sin ninguna referencia en código, vistas ni funciones de BD.",,Eliminar,operaciones/reportes
teacher_class_sessions,académico,11,4,3,1,0,20260629_acm_curriculum_governance.sql,HUÉRFANA,alta,20260629_acm_curriculum_governance.sql,,,"Sin referencias en código ni DB; referenciada por FK entrante: acm_evidence_files.session_id, teacher_session_indicators.session_id, student_indicator_progress.session_id.",,Terminar,ACM
teacher_session_indicators,académico,9,2,0,1,0,20260629_acm_curriculum_governance.sql,HUÉRFANA,alta,20260629_acm_curriculum_governance.sql,,,"Sin ninguna referencia en código, vistas ni funciones de BD.",,Terminar,ACM
telegram_messages_raw,gateway/hermes,7,0,0,3,0,20260630_003_create_telegram_messages_raw.sql,ACTIVA,alta,supabase/functions/telegram-webhook/index.ts,supabase/functions/telegram-classifier-cron/index.ts; supabase/functions/telegram-webhook/index.ts,,Pipeline activo de ingesta Telegram: webhook recibe mensajes y cron clasificador los procesa.,,Terminar,INFRA
usuario_departamentos,operaciones/reportes,5,2,0,2,0,,ACTIVA,alta,src/modules/calendario/api/calendarApi.js,src/modules/calendario/api/calendarApi.js (RPC: fn_crear_evento_calendario); src/modules/calendario/api/calendarApi.js (RPC: fn_obtener_tareas_departamento); src/modules/calendario/api/calendarApi.js (RPC: fn_actualizar_tarea),supabase/tests/fn_hermes_resolver_caso.test.sql,Operada por RPCs de tareas y eventos de calendario en calendarApi.js y protegida por RLS.,,Terminar,DIR/INFRA
wallet_config,finanzas,8,1,0,1,0,,HUÉRFANA,alta,sin migración versionada,,,"Sin ninguna referencia en código, vistas ni funciones de BD.",,Eliminar,finanzas
wallet_movimientos,finanzas,9,1,0,2,0,,ACTIVA,alta,src/portales/fin/src/context/FinanceContext.tsx,src/portales/fin/src/context/FinanceContext.tsx; src/portales/fin/README.md (RPC: fn_registrar_pago_transaccional); src/portales/fin/src/application/use-cases/receivables/__tests__/RegisterPaymentUseCase.test.ts (RPC: fn_registrar_pago_transaccional); src/portales/fin/src/context/FinanceContext.tsx (RPC: fn_registrar_pago_transaccional); src/portales/fin/src/infrastructure/supabase/CanonicalManifest.ts (RPC: fn_registrar_pago_transaccional); src/portales/fin/src/infrastructure/supabase/SupabaseAuthClient.ts (RPC: fn_registrar_pago_transaccional); src/portales/fin/src/infrastructure/supabase/SupabasePaymentTransactionAdapter.ts (RPC: fn_registrar_pago_transaccional); src/portales/fin/src/lib/supabaseManager.ts (RPC: fn_registrar_pago_transaccional),,Consultada por FinanceContext vía supabaseRest en cada sesión del portal de Finanzas.,,Terminar,FIN
whatsapp_consentimientos,gateway/hermes,11,1,0,1,0,20260626_gateway_subsistema4_numero_consentimiento.sql,ACTIVA,alta,src/modules/campanias/api/campaniasApi.js,supabase/functions/whatsapp-dispatcher/index.ts (RPC: fn_whatsapp_reclamar_pendientes),,Módulo activo de campañas WhatsApp en campaniasApi.js y edge functions de mensajería.,,Terminar,COM
whatsapp_optout,gateway/hermes,3,0,0,1,0,20260626_whatsapp_antiban_layer.sql,ACTIVA,alta,supabase/check-teacher-attendance.js,supabase/check-teacher-attendance.js; supabase/functions/event-spine-logger/handlers/r6-whatsapp-padres.ts; supabase/functions/event-spine-logger/handlers/r7-whatsapp-maestros.ts; supabase/functions/event-spine-logger/handlers/r8-whatsapp-tareas.ts; supabase/functions/whatsapp-webhook/index.ts; src/modules/campanias/api/campaniasApi.js (RPC: fn_encolar_campania); supabase/functions/whatsapp-webhook/index.ts (RPC: fn_whatsapp_optout); supabase/functions/whatsapp-dispatcher/index.ts (RPC: fn_whatsapp_reclamar_pendientes),tests/integration/soi-event-enrichment/r6-whatsapp-padres.test.ts; tests/integration/soi-event-enrichment/r7-whatsapp-maestros.test.ts; tests/integration/soi-event-enrichment/r8-whatsapp-tareas.test.ts,Módulo activo de campañas WhatsApp en campaniasApi.js y edge functions de mensajería.,,Terminar,COM
xp_log,protección/seguimiento,7,1,0,2,0,schema_reference.sql (sin fecha),HUÉRFANA,alta,schema_reference.sql (sin fecha),,,"Sin ninguna referencia en código, vistas ni funciones de BD.",,Eliminar,protección/seguimiento